Malformation,Size,Total Packets,TCP Packets,UDP Packets,Total Payloads,Total Packet Size,Average Packet Size,Min Packet Size,Max Packet Size,Total Payload Size,Average Payload Size,Min Payload Size,Max Payload Size
50ms,1mb,11384,0,11384,11384,10367765,910.7312895291637,34,1358,10276693,902.7312895291637,26,1350
500ms,1mb,11677,5,11672,11672,10550357,903.5160572064742,32,1358,10456813,895.8887080191912,25,1350
250ms,1mb,11344,0,11344,11344,10306076,908.5045839210155,33,1358,10215324,900.5045839210155,25,1350
0ms,1mb,11326,0,11326,11326,10346132,913.4850785802578,33,1358,10255524,905.4850785802578,25,1350
