Malformation,Size,Total Packets,TCP Packets,UDP Packets,Total Payloads,Total Packet Size,Average Packet Size,Min Packet Size,Max Packet Size,Total Payload Size,Average Payload Size,Min Payload Size,Max Payload Size
0ms,1mb,1490,1490,0,926,9921532,6658.7463087248325,32,33336,9873644,10662.682505399567,48,33304
50ms,1mb,5526,5526,0,3618,10019441,1813.1453130655086,32,2928,9842449,2720.411553344389,57,2896
250ms,1mb,5575,5575,0,3660,10136808,1818.2615246636772,20,2928,9958264,2720.8371584699453,57,2896
500ms,1mb,5483,5483,0,3667,10190352,1858.5358380448658,32,2928,10014736,2731.043359694573,57,2896
